Employee ID,Password Hash,Password Salt,Last Password Change
10001,860725f96644e2b3dca1e1c2d7eb9febfa9ce4f754c417545130ac945ec15b3b,502f02ab0ea11231981dd9333f557d70,2026-06-21 23:48:00+08
10002,2f2ea4a00671aa06626a21e323bf2619adb7c280422751f5a70054ffbd987e2d,a70b729a3e5e7fcea38dccab0a655128,2026-06-21 23:48:00+08
10003,6e3e02b2f794ebc2a829ef7d741687b0e27ed6d394700bdd0376e992c2f90364,0c3fdc07e5fc04885d49b8656c76b1e9,2026-06-21 23:48:00+08
10004,f2e537a74a64dcd4e5133e325f9b8efaf6ab9c94936d2d60e696fea89a7fd085,d78d418daa14498c9ab6fb1a3056474a,2026-06-21 23:48:00+08
10005,d86e068086c0913cfdb65beb66e188198f39158ac6bfe19ffbf81826063bc860,5bd4c43354665022fc913f1f086627ce,2026-06-21 23:48:00+08
10006,1d8f01e411b11d7268740a969a9a1fc962e0f5399a8ee5e6308986565d18fa8a,67553ed2e49211eee638417fd051b3f9,2026-06-21 23:48:00+08
10007,1fab50c8addb420774d9a05ae2e132c087902bb3fec75f1c3bc159b2e082cf59,98b0e0151415842677ca73475bd44d19,2026-06-21 23:48:00+08
10008,3e60dad4268c7897d42a218197866932f49ea15eb2cbe94fad69f2eb5558c4cd,842952e242571df227122e6a6797ef38,2026-06-21 23:48:00+08
10009,7cc290379cba430ec31189cc7849ae75a571957ece18d0424825b9c21e8ac5fa,37897f597a5e163892fb9d3da7c77a1e,2026-06-21 23:48:00+08
10010,400490afd3d7d08c3b5ba3e2c04bb6c677c0ee449c753164fa1a45fc5ca004c8,7b2f9922c2666c684969f6f1159e3a34,2026-06-21 23:48:00+08
10011,3d732a7e1fa58531fb58dc3716a1f6c1d19477b878f70e53ae9bb97082297962,c1d3f0d14c88bb1b27dfb95c74a81ecc,2026-06-21 23:48:00+08
10012,aa365055ea707df9c00fb7d0f715f29f41cc618b78e418583fccadc345dc11b5,9d4bd1c1a7e39e284b08300f5854802f,2026-06-21 23:48:00+08
10013,df01d4282479bab0dfc96cbeb5766ae56a56f5b83916b72112698d8b3e99f043,157c36c1b8c41b66f23e831903208b8e,2026-06-21 23:48:00+08
10014,f1dcb0bbc1c3d13c467dbde88e2c7e899ef8f47a5f9e01da0bce765cf270bda8,3043484488dab3ee036b7ba71194d683,2026-06-21 23:48:00+08
10015,bfc4a0686dd916f5fed6905546786a00df263707ea5838cbf57d909b3d65ce60,8558fecf65468930d588cd0f0f718f78,2026-06-21 23:48:00+08
10016,e1598b8d0d01462b44a30fafc6f52bb2d10f27a2b189c4341fe8f63f591f7325,7987923912c04d703c715044e19cf324,2026-06-21 23:48:00+08
10017,cc15985a392a2933455884ec2697fe72505421fe129433734712358268491f5e,5f4bb460db2445925a3161f12f6e249c,2026-06-21 23:48:00+08
10018,49171fcdbd5a00a40b6f949c94c0df3eed1cc109625ba314813a7d703963a4fe,e821a9acd646c18a6bdd193d04389335,2026-06-21 23:48:00+08
10019,506d9853bed1306052472b05862d4f2411fca27fcddb87bce6f3d81b98d2b986,62654d4535ea446a74cfbe2b11668411,2026-06-21 23:48:00+08
10020,388575b23538faedd0addfed24c29d40ba739b866d58f96abc42dde5504e1cb7,c6f4d0bb1f3fda1bde0e9cc8af9ce070,2026-06-21 23:48:00+08
10021,2105803de0cf130f9821c57d58dc60c9d58a66dc479ec343a8bb5c65e7cb0bea,fd13644030b59c69b8a79478b621e56b,2026-06-21 23:48:00+08
10022,44c9bb0ecad570873e3af46dbbb251d5b48d266098f19027c2450f6a162a2e8b,87d0692f1b9a16e7f95dfcab33e667f2,2026-06-21 23:48:00+08
10023,e461478d1f7d4f7a9f6dfa3b083ecb073da740504482ceb162102142bab5b6a6,07c1be25c6cb312a4c64dc77cd7b01a0,2026-06-21 23:48:00+08
10024,67ae5efc98633fa2cd952aebdd936db234c2f24ba9dcd13cf8be8097861ee85f,6833c20ea3db1e7399ea432866452a76,2026-06-21 23:48:00+08
10025,2af85e79035cf819b2ac1b085fd609561852584904de9a778b206b39b837b928,1d7b62a20f4a2a730b99710a9d291d04,2026-06-21 23:48:00+08
10026,4dc8254d6d154688935e133eb1a495b186d1edb0f906cb3d923065d607513010,6e2a2f2b54c7feb93c06bd900bcb951c,2026-06-21 23:48:00+08
10027,bdd2ba10d311ae4f8bae20c23f46e7769cc2c969f52100f51a09f9ddb4ab3f7b,ae5e8f1167885531c21468a9e1b5de87,2026-06-21 23:48:00+08
10028,3d174f726df091e1314f82c1ea048c3b884e4313bab6d382e3acfe5038c25e5e,4e322940d1c3ae7f5e7a9efd635ee3a8,2026-06-21 23:48:00+08
10029,130a7185f4d1ab9460c8fea11de50836d0c3850b3cd2b3827a5c99e481c9348b,7bb49e3ac38a28f0ad3834c78e0acc22,2026-06-21 23:48:00+08
10030,f833e5405e2db07c4652f71b0be81130f617e8765d8f858ea4adfae24708730c,c6a99125423cba857176a89c7c05cfe5,2026-06-21 23:48:00+08
10031,a117761eb1643ac6a814110f0159008622991860b736a959616c35e62385c73d,8e6ab62c69aaab51cafc78b8e8c06876,2026-06-21 23:48:00+08
10032,ed0c321652b19314d5983479acc4b752d606d4e31d22d7897f263eda84fb5297,3a24a6b523c9c2f4cf0d538c63caad90,2026-06-21 23:48:00+08
10033,c95aed693010a167939d15f2cd3548e1545788e31397f2299cedf1ffccb81061,ff6f875717dd120b82ff3f1f3cfa128e,2026-06-21 23:48:00+08
10034,03f2428f3bbfeb7ee35066a0204c7aa178b66005d56e88a56216eb513c6d62e3,e07ba9808434c30d23f184ecbccfde5d,2026-06-21 23:48:00+08
